item_id,order_id,product_id,quantity,unit_price,discount_percent
I00001,O0001,P343,1,602.2,5
I00002,O0002,P434,1,114.17,10
I00003,O0002,P319,1,466.93,15
I00004,O0002,P443,1,384.9,10
I00005,O0003,P254,1,271.7,0
I00006,O0003,P342,5,240.4,20
I00007,O0004,P450,1,96.21,0
I00008,O0004,P063,1,58.49,0
I00009,O0004,P131,1,113.1,10
I00010,O0005,P443,1,337.44,0
I00011,O0005,P302,4,519.24,15
I00012,O0005,P239,5,82.19,15
I00013,O0006,P476,4,226.86,10
I00014,O0006,P027,4,472.69,0
I00015,O0007,P013,5,591.26,5
I00016,O0008,P130,5,65.63,20
I00017,O0008,P456,2,184.15,0
I00018,O0008,P131,3,114.91,10
I00019,O0009,P150,2,424.73,10
I00020,O0009,P378,1,33.27,5
I00021,O0010,P244,5,347.24,0
I00022,O0011,P353,2,394.54,5
I00023,O0011,P071,3,438.13,15
I00024,O0012,P340,5,293.28,10
I00025,O0012,P429,3,357.58,0
I00026,O0012,P508,2,73.06,5
I00027,O0013,P219,2,701.4,10
I00028,O0013,P385,2,656.62,0
I00029,O0014,P011,1,568.99,5
I00030,O0014,P298,4,167.78,10
I00031,O0015,P031,2,109.57,10
I00032,O0016,P179,3,410.87,5
I00033,O0016,P023,2,192.77,0
I00034,O0016,P141,4,112.1,10
I00035,O0017,P313,4,63.63,5
I00036,O0018,P445,1,508.91,5
I00037,O0018,P195,2,169.22,10
I00038,O0018,P440,2,619.08,20
I00039,O0019,P302,2,455.81,10
I00040,O0020,P501,2,145.39,20
I00041,O0021,P172,5,409.67,20
I00042,O0022,P511,5,472.22,10
I00043,O0022,P495,4,672.31,20
I00044,O0023,P038,2,516.78,5
I00045,O0023,P406,2,335.12,20
I00046,O0023,P161,3,451.2,0
I00047,O0024,P456,5,175.97,15
I00048,O0024,P345,4,635.05,10
I00049,O0025,P325,3,153.91,5
I00050,O0025,P272,1,414.62,20
I00051,O0026,P081,3,526.15,0
I00052,O0026,P369,1,616.38,10
I00053,O0026,P257,3,37.69,10
I00054,O0027,P142,5,235.41,10
I00055,O0028,P355,4,484.84,0
I00056,O0028,P484,5,517.26,15
I00057,O0029,P233,2,656.93,20
I00058,O0030,P473,3,626.08,5
I00059,O0030,P440,4,578.39,20
I00060,O0031,P384,2,400.15,0
I00061,O0032,P364,3,511.82,15
I00062,O0032,P307,3,582.59,0
I00063,O0033,P158,3,462.79,20
I00064,O0034,P401,4,250.7,20
I00065,O0034,P396,2,506.9,15
I00066,O0034,P312,1,138.69,5
I00067,O0035,P501,1,123.66,15
I00068,O0036,P211,2,427.68,15
I00069,O0036,P059,3,13.84,15
I00070,O0037,P161,1,488.06,0
I00071,O0037,P399,2,35.25,15
I00072,O0038,P487,2,707.92,20
I00073,O0038,P208,5,71.1,5
I00074,O0038,P008,2,253.19,20
I00075,O0039,P337,5,511.11,20
I00076,O0040,P094,3,601.0,10
I00077,O0041,P305,4,217.81,5
I00078,O0041,P426,2,349.2,15
I00079,O0041,P469,4,196.56,20
I00080,O0042,P403,1,370.83,10
I00081,O0043,P299,1,520.66,5
I00082,O0043,P506,4,506.65,10
I00083,O0043,P079,1,639.44,15
I00084,O0044,P169,3,435.36,0
I00085,O0044,P075,4,627.66,5
I00086,O0045,P039,1,669.58,5
I00087,O0045,P335,4,585.25,20
I00088,O0046,P249,4,155.63,5
I00089,O0046,P175,1,309.86,0
I00090,O0046,P401,2,272.0,10
I00091,O0047,P452,3,681.31,20
I00092,O0048,P453,1,524.48,0
I00093,O0049,P316,4,532.03,15
I00094,O0049,P207,2,425.55,0
I00095,O0050,P432,1,129.02,5
I00096,O0051,P065,2,60.53,5
I00097,O0051,P172,1,344.66,10
I00098,O0051,P331,5,85.84,20
I00099,O0052,P439,1,447.27,10
I00100,O0052,P178,1,47.55,15
I00101,O0053,P470,2,391.25,20
I00102,O0054,P045,1,422.46,20
I00103,O0054,P512,1,502.31,20
I00104,O0055,P258,1,681.04,15
I00105,O0056,P137,3,319.36,10
I00106,O0056,P494,1,475.3,20
I00107,O0056,P460,4,49.89,20
I00108,O0057,P014,-2,458.99,0
I00109,O0057,P317,2,49.07,20
I00110,O0057,P082,1,573.03,5
I00111,O0058,P385,2,576.61,20
I00112,O0059,P337,2,532.13,0
I00113,O0059,P425,3,88.14,10
I00114,O0060,P249,2,158.42,5
I00115,O0060,P228,5,620.68,5
I00116,O0061,P007,1,215.77,5
I00117,O0061,P054,2,292.94,5
I00118,O0062,P210,2,313.87,15
I00119,O0062,P319,2,483.82,5
I00120,O0062,P255,3,507.41,5
I00121,O0063,P493,1,77.3,15
I00122,O0063,P172,4,378.03,15
I00123,O0064,P494,1,456.62,0
I00124,O0065,P157,5,527.4,15
I00125,O0065,P314,4,157.97,15
I00126,O0066,P342,2,204.04,5
I00127,O0067,P014,5,421.88,15
I00128,O0068,P405,3,77.89,20
I00129,O0068,P073,4,428.16,0
I00130,O0069,P167,2,705.72,10
I00131,O0069,P501,3,141.33,15
I00132,O0070,P253,2,617.29,10
I00133,O0070,P029,2,20.89,5
I00134,O0070,P261,2,702.14,5
I00135,O0071,P120,1,372.07,15
I00136,O0072,P083,5,212.94,5
I00137,O0072,P438,3,405.04,20
I00138,O0072,P392,5,439.37,0
I00139,O0073,P353,2,357.89,15
I00140,O0074,P316,1,639.87,0
I00141,O0074,P100,1,272.81,15
I00142,O0074,P296,4,76.91,5
I00143,O0075,P499,2,335.67,20
I00144,O0076,P191,2,436.41,5
I00145,O0077,P419,4,208.0,5
I00146,O0077,P082,3,525.39,0
I00147,O0078,P031,5,117.74,0
I00148,O0078,P010,1,405.46,20
I00149,O0079,P100,2,247.46,20
I00150,O0080,P273,4,111.53,15
I00151,O0080,P345,3,622.24,10
I00152,O0080,P246,3,531.02,0
I00153,O0081,P339,-1,336.01,15
I00154,O0081,P143,1,559.45,10
I00155,O0082,P255,3,534.55,15
I00156,O0082,P424,-2,646.16,10
I00157,O0082,P018,3,482.45,10
I00158,O0083,P455,2,71.44,20
I00159,O0083,P084,3,476.66,15
I00160,O0083,P103,4,461.87,5
I00161,O0084,P517,1,541.64,10
I00162,O0084,P479,2,497.22,15
I00163,O0084,P247,2,65.87,0
I00164,O0085,P446,1,351.31,15
I00165,O0086,P226,3,188.67,0
I00166,O0086,P140,5,612.34,10
I00167,O0087,P067,3,631.53,15
I00168,O0088,P448,2,221.3,0
I00169,O0088,P115,1,71.02,5
I00170,O0088,P119,5,463.87,15
I00171,O0089,P002,3,507.44,15
I00172,O0089,P434,3,130.51,5
I00173,O0089,P228,1,622.99,15
I00174,O0090,P149,3,321.11,15
I00175,O0090,P151,5,89.68,0
I00176,O0091,P328,3,292.81,10
I00177,O0091,P490,2,386.54,15
I00178,O0091,P061,3,520.66,5
I00179,O0092,P054,2,335.68,10
I00180,O0092,P164,1,254.65,15
I00181,O0092,P357,4,637.91,10
I00182,O0093,P200,5,274.73,20
I00183,O0093,P056,3,343.37,5
I00184,O0094,P495,3,617.8,5
I00185,O0094,P010,3,374.41,5
I00186,O0095,P438,2,368.63,15
I00187,O0095,P184,1,387.14,10
I00188,O0096,P445,2,459.01,0
I00189,O0096,P122,2,521.5,20
I00190,O0096,P177,4,534.45,0
I00191,O0097,P392,3,442.71,0
I00192,O0097,P123,1,618.92,20
I00193,O0098,P024,5,617.21,10
I00194,O0099,P097,5,537.73,15
I00195,O0099,P306,5,335.59,20
I00196,O0099,P190,4,338.24,20
I00197,O0100,P501,1,139.32,0
I00198,O0100,P213,1,208.52,5
I00199,O0100,P006,5,526.28,0
I00200,O0101,P212,2,45.07,0
I00201,O0102,P128,5,189.56,5
I00202,O0103,P001,2,192.9,20
I00203,O0103,P301,5,58.91,10
I00204,O0104,P361,5,601.25,0
I00205,O0104,P046,2,535.79,5
I00206,O0104,P138,5,472.19,10
I00207,O0105,P433,1,556.55,5
I00208,O0106,P468,1,233.0,5
I00209,O0106,P209,1,497.66,5
I00210,O0107,P382,5,606.13,20
I00211,O0107,P168,4,322.95,15
I00212,O0107,P389,1,55.0,10
I00213,O0108,P113,5,286.58,0
I00214,O0109,P342,3,233.33,10
I00215,O0109,P011,1,620.71,15
I00216,O0110,P127,2,191.83,20
I00217,O0111,P098,5,143.52,10
I00218,O0111,P278,5,125.09,10
I00219,O0112,P186,3,439.27,20
I00220,O0112,P413,4,367.92,20
I00221,O0113,P160,2,375.04,10
I00222,O0113,P055,3,547.4,20
I00223,O0113,P429,4,400.28,15
I00224,O0114,P294,3,428.44,5
I00225,O0114,P313,1,58.3,10
I00226,O0114,P093,1,588.94,0
I00227,O0115,P059,1,15.11,15
I00228,O0116,P435,5,588.54,15
I00229,O0117,P128,-4,159.94,0
I00230,O0117,P436,5,408.95,20
I00231,O0117,P044,5,351.93,20
I00232,O0118,P180,1,361.2,10
I00233,O0119,P433,4,571.26,0
I00234,O0120,P256,5,462.63,10
I00235,O0120,P307,4,537.37,20
I00236,O0121,P223,3,625.39,20
I00237,O0121,P037,4,186.22,0
I00238,O0122,P007,5,227.88,0
I00239,O0122,P006,3,510.65,10
I00240,O0123,P104,4,319.35,20
I00241,O0124,P421,1,274.19,10
I00242,O0125,P482,4,627.31,5
I00243,O0126,P276,1,599.5,15
I00244,O0126,P166,2,235.14,10
I00245,O0126,P204,1,271.0,15
I00246,O0127,P340,1,284.04,15
I00247,O0127,P273,1,117.01,5
I00248,O0128,P410,5,297.37,15
I00249,O0128,P135,1,262.2,5
I00250,O0129,P353,-5,398.27,0
I00251,O0130,P351,4,211.22,15
I00252,O0130,P492,3,555.49,15
I00253,O0130,P254,5,247.18,5
I00254,O0131,P118,3,394.39,15
I00255,O0131,P204,4,322.62,20
I00256,O0132,P186,2,431.14,5
I00257,O0132,P235,1,237.7,5
I00258,O0132,P150,-4,387.48,0
I00259,O0133,P418,5,541.72,5
I00260,O0133,P228,3,557.52,15
I00261,O0134,P053,3,357.09,10
I00262,O0134,P429,2,324.93,0
I00263,O0134,P001,1,168.54,10
I00264,O0135,P287,5,44.79,15
I00265,O0135,P373,3,440.73,0
I00266,O0136,P134,3,28.24,20
I00267,O0136,P381,2,393.45,15
I00268,O0136,P090,1,630.62,0
I00269,O0137,P196,2,66.48,0
I00270,O0138,P352,3,53.38,5
I00271,O0138,P158,1,426.06,10
I00272,O0138,P356,3,498.52,15
I00273,O0139,P495,4,726.79,0
I00274,O0140,P281,2,619.39,0
I00275,O0141,P195,4,163.39,20
I00276,O0141,P077,2,548.53,20
I00277,O0141,P400,4,495.5,0
I00278,O0142,P224,5,362.03,20
I00279,O0143,P516,5,170.86,10
I00280,O0143,P275,5,242.74,20
I00281,O0144,P299,1,544.88,10
I00282,O0145,P277,1,575.95,5
I00283,O0146,P119,1,442.78,10
I00284,O0146,P333,1,253.77,10
I00285,O0146,P137,4,288.05,0
I00286,O0147,P011,3,620.27,5
I00287,O0147,P263,1,722.3,20
I00288,O0147,P109,4,268.35,20
I00289,O0148,P212,4,45.19,20
I00290,O0148,P405,2,85.52,15
I00291,O0148,P378,2,29.24,5
I00292,O0149,P190,2,377.85,5
I00293,O0149,P289,1,92.98,15
I00294,O0150,P193,1,59.6,15
I00295,O0150,P413,1,357.4,0
I00296,O0150,P103,4,452.5,0
I00297,O0151,P045,2,391.09,5
I00298,O0151,P014,1,396.04,10
I00299,O0151,P088,2,229.96,15
I00300,O0152,P315,3,243.59,20
I00301,O0153,P274,5,361.55,0
I00302,O0153,P304,1,265.9,5
I00303,O0153,P002,-2,495.3,5
I00304,O0154,P294,2,443.97,0
I00305,O0154,P504,2,303.32,10
I00306,O0155,P079,5,583.38,0
I00307,O0155,P045,5,424.14,10
I00308,O0156,P186,4,438.28,10
I00309,O0156,P294,3,404.8,15
I00310,O0156,P378,3,33.65,0
I00311,O0157,P153,2,141.18,15
I00312,O0158,P116,5,536.09,5
I00313,O0159,P331,2,81.39,10
I00314,O0160,P435,4,628.02,10
I00315,O0160,P142,2,267.17,20
I00316,O0161,P505,5,467.32,0
I00317,O0161,P432,5,139.62,5
I00318,O0161,P090,2,558.91,0
I00319,O0162,P486,2,415.95,10
I00320,O0162,P370,2,486.46,20
I00321,O0163,P249,2,130.95,5
I00322,O0163,P121,2,15.36,15
I00323,O0164,P056,1,335.95,20
I00324,O0164,P162,1,518.15,5
I00325,O0165,P013,5,568.55,5
I00326,O0166,P144,5,538.69,15
I00327,O0166,P346,4,408.64,10
I00328,O0167,P160,1,331.08,5
I00329,O0168,P165,1,131.51,15
I00330,O0168,P265,5,328.97,15
I00331,O0168,P161,3,499.45,5
I00332,O0169,P217,4,414.36,5
I00333,O0169,P080,4,158.02,15
I00334,O0169,P390,2,41.09,15
I00335,O0170,P277,1,591.36,10
I00336,O0171,P246,3,498.04,5
I00337,O0172,P012,3,55.56,0
I00338,O0172,P247,3,63.33,0
I00339,O0172,P496,1,542.17,10
I00340,O0173,P366,3,285.3,10
I00341,O0174,P365,2,110.01,15
I00342,O0174,P516,1,168.13,0
I00343,O0175,P392,4,483.23,10
I00344,O0175,P166,2,216.3,0
I00345,O0175,P238,2,310.88,5
I00346,O0176,P350,4,645.1,10
I00347,O0176,P442,1,415.85,15
I00348,O0176,P245,2,185.82,5
I00349,O0177,P510,1,155.86,10
I00350,O0177,P090,4,573.59,10
I00351,O0177,P166,1,231.39,0
I00352,O0178,P184,4,383.52,10
I00353,O0179,P144,1,562.34,10
I00354,O0179,P294,4,437.84,5
I00355,O0180,P376,5,692.19,10
I00356,O0180,P086,4,59.94,0
I00357,O0181,P059,2,15.13,5
I00358,O0181,P108,3,583.42,0
I00359,O0181,P229,4,557.87,10
I00360,O0182,P480,5,315.09,0
I00361,O0182,P185,1,100.48,15
I00362,O0183,P412,3,163.67,20
I00363,O0184,P218,4,204.48,20
I00364,O0184,P160,4,345.97,20
I00365,O0185,P390,1,40.99,15
I00366,O0186,P219,1,591.76,15
I00367,O0186,P277,3,553.53,0
I00368,O0187,P415,1,380.9,15
I00369,O0187,P220,3,240.74,15
I00370,O0188,P305,2,223.78,15
I00371,O0188,P487,5,596.34,15
I00372,O0189,P399,1,41.02,5
I00373,O0189,P080,5,146.85,10
I00374,O0190,P155,4,243.15,10
I00375,O0191,P417,3,305.72,15
I00376,O0192,P461,5,58.25,5
I00377,O0193,P171,5,248.91,5
I00378,O0193,P015,3,135.74,10
I00379,O0194,P128,4,170.08,15
I00380,O0194,P361,3,632.1,10
I00381,O0194,P117,2,107.84,20
I00382,O0195,P167,5,610.04,15
I00383,O0195,P291,5,37.18,0
I00384,O0195,P090,1,534.06,15
I00385,O0196,P509,5,300.04,15
I00386,O0197,P034,3,135.79,15
I00387,O0197,P391,1,24.08,0
I00388,O0197,P360,4,374.78,15
I00389,O0198,P384,2,413.65,10
I00390,O0199,P425,-2,102.31,0
I00391,O0199,P016,1,429.84,20
I00392,O0200,P326,3,512.45,15
I00393,O0200,P248,5,605.49,15
I00394,O0200,P053,5,404.21,15
I00395,O0201,P178,4,49.76,15
I00396,O0201,P237,1,395.22,0
I00397,O0201,P402,3,597.24,10
I00398,O0202,P096,-1,493.58,20
I00399,O0203,P029,5,23.07,0
I00400,O0204,P392,1,411.38,15
I00401,O0204,P367,2,556.41,10
I00402,O0204,P199,5,357.25,15
I00403,O0205,P053,3,339.1,0
I00404,O0205,P106,1,558.66,0
I00405,O0206,P290,3,483.5,15
I00406,O0207,P213,4,217.42,15
I00407,O0207,P076,4,511.83,15
I00408,O0208,P322,4,138.15,0
I00409,O0208,P183,5,426.36,0
I00410,O0209,P356,4,486.12,0
I00411,O0209,P163,5,191.38,5
I00412,O0210,P031,-5,118.43,5
I00413,O0210,P222,3,327.39,10
I00414,O0210,P142,2,275.53,5
I00415,O0211,P281,4,511.43,20
I00416,O0211,P302,4,505.58,20
I00417,O0212,P198,3,488.56,10
I00418,O0212,P403,1,362.9,10
I00419,O0213,P211,4,420.28,20
I00420,O0214,P279,3,157.47,15
I00421,O0214,P205,5,308.7,0
I00422,O0214,P461,2,68.47,10
I00423,O0215,P420,3,626.06,20
I00424,O0215,P361,-4,596.98,10
I00425,O0215,P440,2,529.34,10
I00426,O0216,P149,3,308.18,0
I00427,O0216,P337,2,549.51,5
I00428,O0217,P068,4,396.16,5
I00429,O0217,P106,5,560.12,0
I00430,O0217,P432,4,128.51,5
I00431,O0218,P506,4,475.67,0
I00432,O0219,P464,2,523.3,5
I00433,O0220,P022,-3,292.54,20
I00434,O0220,P005,4,402.37,15
I00435,O0220,P038,5,496.63,0
I00436,O0221,P482,1,634.58,10
I00437,O0222,P325,3,167.79,10
I00438,O0222,P506,5,478.34,15
I00439,O0223,P125,3,446.1,5
I00440,O0223,P049,1,607.72,15
I00441,O0224,P175,1,363.64,10
I00442,O0225,P006,1,583.7,0
I00443,O0225,P050,3,287.32,20
I00444,O0225,P389,3,63.77,20
I00445,O0226,P123,2,571.88,20
I00446,O0226,P424,4,629.96,5
I00447,O0227,P490,4,355.13,15
I00448,O0227,P232,1,271.81,0
I00449,O0227,P362,5,636.34,5
I00450,O0228,P080,1,137.9,0
I00451,O0228,P222,4,325.14,0
I00452,O0228,P349,2,466.54,20
I00453,O0229,P320,4,216.39,0
I00454,O0229,P134,2,25.75,15
I00455,O0230,P208,4,68.21,5
I00456,O0230,P315,5,238.05,0
I00457,O0230,P113,-2,295.29,10
I00458,O0231,P488,5,611.81,20
I00459,O0232,P363,4,522.59,15
I00460,O0233,P342,1,212.5,0
I00461,O0233,P392,4,417.24,5
I00462,O0233,P283,5,409.43,0
I00463,O0234,P052,2,223.12,0
I00464,O0234,P037,5,156.17,0
I00465,O0234,P283,2,425.82,15
I00466,O0235,P403,1,367.29,10
I00467,O0235,P508,2,66.21,10
I00468,O0236,P295,1,364.72,20
I00469,O0236,P489,3,466.12,5
I00470,O0236,P323,1,197.33,15
I00471,O0237,P014,4,387.8,10
I00472,O0238,P175,1,368.63,20
I00473,O0239,P501,2,122.92,0
I00474,O0240,P298,2,152.47,5
I00475,O0240,P097,1,567.94,15
I00476,O0240,P503,3,631.78,15
I00477,O0241,P374,-4,115.63,10
I00478,O0241,P496,1,598.61,0
I00479,O0242,P421,2,283.41,15
I00480,O0243,P251,5,526.15,10
I00481,O0244,P092,2,534.89,0
I00482,O0245,P461,5,67.81,10
I00483,O0245,P340,4,334.52,10
I00484,O0246,P196,1,63.46,20
I00485,O0246,P126,4,120.55,10
I00486,O0247,P113,1,310.16,15
I00487,O0247,P154,5,218.86,5
I00488,O0248,P499,3,350.73,15
I00489,O0248,P042,2,452.56,0
I00490,O0249,P314,1,161.37,0
I00491,O0249,P052,3,257.98,20
I00492,O0250,P159,1,119.69,5
I00493,O0250,P443,5,356.99,0
I00494,O0250,P485,3,399.51,15
I00495,O0251,P409,1,587.21,20
I00496,O0251,P319,2,533.28,10
I00497,O0252,P143,2,507.43,5
I00498,O0252,P309,3,667.92,15
I00499,O0252,P188,4,57.3,0
I00500,O0253,P453,3,510.71,10
I00501,O0254,P363,4,589.69,15
I00502,O0254,P029,-5,22.35,0
I00503,O0255,P310,2,546.34,20
I00504,O0256,P301,1,56.53,15
I00505,O0256,P007,4,258.45,15
I00506,O0256,P056,1,398.31,0
I00507,O0257,P100,3,289.65,0
I00508,O0257,P125,5,515.32,0
I00509,O0258,P210,5,336.15,15
I00510,O0258,P140,2,632.48,5
I00511,O0258,P309,3,722.01,15
I00512,O0259,P206,1,110.64,0
I00513,O0259,P100,2,276.26,20
I00514,O0259,P455,4,66.92,15
I00515,O0260,P189,2,190.53,20
I00516,O0260,P450,5,87.12,0
I00517,O0261,P146,2,62.05,20
I00518,O0262,P488,4,669.46,20
I00519,O0263,P377,3,272.33,0
I00520,O0263,P476,4,203.73,10
I00521,O0264,P124,5,326.61,0
I00522,O0264,P456,1,167.17,5
I00523,O0265,P470,-3,337.88,20
I00524,O0265,P516,2,165.71,15
I00525,O0266,P065,2,64.3,20
I00526,O0266,P348,4,647.02,10
I00527,O0266,P311,4,514.4,15
I00528,O0267,P484,5,478.04,20
I00529,O0267,P266,2,444.51,20
I00530,O0268,P414,1,279.14,5
I00531,O0268,P238,1,300.54,15
I00532,O0269,P238,2,326.01,15
I00533,O0269,P431,1,336.01,0
I00534,O0270,P075,4,609.22,0
I00535,O0270,P179,3,430.57,5
I00536,O0270,P205,2,279.68,10
I00537,O0271,P207,2,454.67,5
I00538,O0272,P025,1,719.76,0
I00539,O0273,P418,5,476.09,5
I00540,O0273,P509,2,334.48,15
I00541,O0274,P361,3,651.08,5
I00542,O0274,P069,4,349.42,0
I00543,O0274,P081,2,551.8,0
I00544,O0275,P237,1,414.82,5
I00545,O0275,P297,3,505.68,5
I00546,O0276,P077,5,590.36,20
I00547,O0276,P513,3,195.13,0
I00548,O0277,P483,3,570.16,15
I00549,O0277,P268,2,58.58,5
I00550,O0277,P210,5,307.02,0
I00551,O0278,P506,1,507.88,20
I00552,O0279,P037,3,190.12,20
I00553,O0279,P083,5,180.34,0
I00554,O0279,P107,1,602.03,10
I00555,O0280,P490,3,400.7,5
I00556,O0280,P022,-1,292.45,5
I00557,O0281,P389,1,52.47,15
I00558,O0281,P129,4,170.47,0
I00559,O0281,P449,1,392.14,10
I00560,O0282,P199,3,306.73,5
I00561,O0282,P095,-5,83.37,20
I00562,O0283,P047,1,430.69,0
I00563,O0283,P079,1,559.31,0
I00564,O0283,P322,3,161.63,10
I00565,O0284,P408,4,255.3,0
I00566,O0285,P211,4,455.0,5
I00567,O0285,P455,3,77.61,10
I00568,O0286,P251,5,456.91,20
I00569,O0286,P516,1,172.55,20
I00570,O0286,P498,3,57.46,20
I00571,O0287,P313,5,57.85,5
I00572,O0288,P241,4,258.77,0
I00573,O0289,P511,1,501.32,10
I00574,O0290,P062,3,153.44,0
I00575,O0291,P394,4,515.56,5
I00576,O0291,P442,5,375.0,20
I00577,O0292,P027,5,446.77,10
I00578,O0292,P222,1,374.93,15
I00579,O0293,P059,1,16.43,10
I00580,O0293,P475,4,176.35,20
I00581,O0294,P167,4,710.77,5
I00582,O0294,P136,1,519.73,10
I00583,O0295,P256,5,435.33,0
I00584,O0296,P281,3,531.24,20
I00585,O0296,P013,1,600.0,10
I00586,O0296,P184,4,380.66,15
I00587,O0297,P368,4,220.96,15
I00588,O0298,P082,3,579.75,0
I00589,O0299,P185,3,87.28,15
I00590,O0299,P131,2,105.58,20
I00591,O0300,P051,2,444.94,20
I00592,O0300,P451,5,47.54,5
I00593,O0300,P063,3,48.04,10
I00594,O0301,P046,5,531.59,20
I00595,O0301,P455,1,68.79,10
I00596,O0301,P381,4,413.68,10
I00597,O0302,P026,3,565.01,15
I00598,O0303,P384,4,416.21,0
I00599,O0303,P165,3,146.58,20
I00600,O0303,P027,1,495.38,20
I00601,O0304,P353,2,389.62,5
I00602,O0304,P391,1,26.72,5
I00603,O0304,P516,5,166.69,20
I00604,O0305,P125,5,500.94,20
I00605,O0305,P452,3,698.88,10
I00606,O0305,P250,3,281.58,10
I00607,O0306,P467,3,379.12,5
I00608,O0307,P420,3,585.4,0
I00609,O0307,P371,4,537.37,15
I00610,O0308,P129,5,183.95,20
I00611,O0309,P142,5,251.76,10
I00612,O0309,P121,1,17.19,5
I00613,O0309,P507,2,153.09,0
I00614,O0310,P124,4,324.76,15
I00615,O0311,P104,2,377.91,0
I00616,O0311,P171,1,278.61,15
I00617,O0311,P433,3,613.54,5
I00618,O0312,P301,1,62.09,10
I00619,O0312,P111,1,504.7,15
I00620,O0312,P419,4,199.51,15
I00621,O0313,P138,2,471.96,20
I00622,O0313,P086,2,64.59,10
I00623,O0313,P465,4,319.57,20
I00624,O0314,P100,2,268.07,20
I00625,O0314,P437,3,403.01,5
I00626,O0315,P043,2,168.74,20
I00627,O0316,P102,3,173.08,10
I00628,O0316,P499,4,340.49,10
I00629,O0317,P109,2,261.02,5
I00630,O0317,P173,1,194.21,20
I00631,O0317,P200,1,320.72,10
I00632,O0318,P289,5,84.59,5
I00633,O0319,P303,1,438.85,0
I00634,O0319,P456,4,156.89,5
I00635,O0320,P120,3,359.01,5
I00636,O0320,P077,3,527.37,15
I00637,O0321,P076,3,507.06,0
I00638,O0321,P326,2,522.42,0
I00639,O0321,P009,2,558.32,5
I00640,O0322,P201,3,73.66,5
I00641,O0322,P509,3,339.2,0
I00642,O0322,P220,1,266.69,20
I00643,O0323,P183,1,374.39,15
I00644,O0324,P241,3,270.57,5
I00645,O0324,P308,2,537.3,15
I00646,O0324,P402,5,643.47,0
I00647,O0325,P116,3,504.39,5
I00648,O0326,P436,1,477.56,0
I00649,O0326,P356,4,504.47,15
I00650,O0326,P501,5,128.68,10
I00651,O0327,P221,4,568.46,10
I00652,O0327,P326,4,497.85,15
I00653,O0328,P056,3,347.92,0
I00654,O0328,P316,4,607.47,5
I00655,O0329,P212,1,48.84,10
I00656,O0329,P133,5,620.94,0
I00657,O0329,P389,1,56.11,10
I00658,O0330,P065,1,64.45,5
I00659,O0330,P161,5,521.13,10
I00660,O0330,P166,3,223.56,5
I00661,O0331,P037,1,173.86,20
I00662,O0332,P497,1,490.88,5
I00663,O0332,P254,1,225.94,15
I00664,O0333,P411,2,450.18,0
I00665,O0333,P079,1,629.27,15
I00666,O0333,P021,1,623.27,5
I00667,O0334,P401,2,277.46,10
I00668,O0335,P024,3,567.27,10
I00669,O0335,P483,4,578.75,15
I00670,O0336,P286,4,178.6,20
I00671,O0336,P251,-4,475.76,15
I00672,O0336,P382,5,559.82,20
I00673,O0337,P407,2,244.78,0
I00674,O0338,P319,3,527.7,0
I00675,O0338,P098,5,152.7,15
I00676,O0338,P256,1,439.65,15
I00677,O0339,P239,1,75.58,10
I00678,O0339,P346,2,408.1,20
I00679,O0339,P417,1,321.41,20
I00680,O0340,P512,3,444.07,15
I00681,O0340,P495,5,695.57,0
I00682,O0341,P436,1,458.35,5
I00683,O0342,P125,2,529.5,0
I00684,O0342,P040,4,426.39,20
I00685,O0342,P499,2,371.34,15
I00686,O0343,P304,1,236.09,10
I00687,O0344,P331,5,84.71,5
I00688,O0344,P145,3,475.55,20
I00689,O0344,P381,5,417.95,5
I00690,O0345,P139,2,346.3,0
I00691,O0345,P326,4,501.05,0
I00692,O0346,P193,2,61.1,10
I00693,O0346,P097,1,550.95,0
I00694,O0347,P232,3,311.77,10
I00695,O0347,P292,4,81.25,20
I00696,O0348,P261,5,660.68,0
I00697,O0348,P157,1,530.21,10
I00698,O0349,P105,2,43.69,15
I00699,O0349,P339,5,316.8,10
I00700,O0349,P485,2,408.46,5
I00701,O0350,P151,2,92.09,10
I00702,O0351,P054,2,315.25,15
I00703,O0352,P310,5,529.81,15
I00704,O0352,P387,4,406.66,20
I00705,O0353,P081,5,636.16,10
I00706,O0353,P147,4,145.06,10
I00707,O0354,P124,5,331.71,5
I00708,O0354,P026,3,618.2,10
I00709,O0354,P435,2,693.8,5
I00710,O0355,P384,2,484.19,5
I00711,O0355,P453,3,436.63,10
I00712,O0356,P097,3,539.96,0
I00713,O0356,P280,1,180.12,15
I00714,O0357,P260,3,214.07,0
I00715,O0358,P483,5,634.92,15
I00716,O0358,P107,1,657.27,5
I00717,O0358,P182,2,353.98,0
I00718,O0359,P455,1,78.87,10
I00719,O0360,P018,3,470.67,10
I00720,O0361,P174,5,215.63,0
I00721,O0361,P413,4,403.39,0
I00722,O0361,P198,5,444.73,5
I00723,O0362,P046,3,606.56,15
I00724,O0362,P178,1,50.24,0
I00725,O0363,P478,5,436.19,15
I00726,O0363,P091,1,581.73,0
I00727,O0364,P326,5,450.57,5
I00728,O0365,P223,3,615.05,5
I00729,O0366,P196,2,59.11,10
I00730,O0366,P183,3,379.0,5
I00731,O0367,P280,2,166.66,15
I00732,O0368,P095,4,82.43,20
I00733,O0368,P461,2,66.76,15
I00734,O0369,P216,4,609.48,10
I00735,O0370,P351,5,211.48,10
I00736,O0371,P216,3,539.79,0
I00737,O0372,P191,4,478.58,10
I00738,O0372,P387,5,403.61,0
I00739,O0372,P368,1,217.03,10
I00740,O0373,P103,2,474.11,15
I00741,O0373,P191,1,481.68,20
I00742,O0373,P446,4,302.46,10
I00743,O0374,P346,4,374.26,5
I00744,O0374,P111,4,437.9,20
I00745,O0374,P411,-5,416.54,10
I00746,O0375,P204,5,277.01,10
I00747,O0375,P056,1,393.02,10
I00748,O0375,P470,4,325.09,5
I00749,O0376,P177,3,448.08,5
I00750,O0377,P093,2,632.74,10
I00751,O0377,P006,4,500.13,20
I00752,O0378,P404,2,68.16,15
I00753,O0378,P249,1,139.42,5
I00754,O0378,P410,3,302.26,15
I00755,O0379,P404,5,65.53,20
I00756,O0379,P028,2,624.34,5
I00757,O0379,P378,3,34.45,20
I00758,O0380,P408,1,226.87,5
I00759,O0380,P046,2,529.48,15
I00760,O0380,P185,4,88.0,15
I00761,O0381,P268,4,54.07,20
I00762,O0382,P477,1,299.69,15
I00763,O0383,P165,3,133.99,15
I00764,O0384,P498,4,47.43,15
I00765,O0385,P119,5,469.11,20
I00766,O0385,P382,4,609.1,10
I00767,O0386,P184,4,375.83,0
I00768,O0387,P008,3,247.05,10
I00769,O0388,P466,4,222.47,0
I00770,O0389,P472,3,552.49,10
I00771,O0389,P259,4,139.7,0
I00772,O0390,P274,2,330.99,15
I00773,O0390,P333,3,238.8,10
I00774,O0390,P038,5,522.39,0
I00775,O0391,P097,2,555.56,15
I00776,O0391,P282,3,613.53,5
I00777,O0391,P470,1,355.31,5
I00778,O0392,P104,4,369.43,10
I00779,O0392,P310,4,522.71,10
I00780,O0392,P082,4,610.6,20
I00781,O0393,P311,5,515.99,5
I00782,O0393,P051,3,464.41,15
I00783,O0394,P191,3,422.12,15
I00784,O0394,P186,3,413.86,0
I00785,O0395,P133,3,576.89,10
I00786,O0395,P100,2,290.79,5
I00787,O0396,P295,5,371.58,20
I00788,O0397,P399,4,33.63,10
I00789,O0397,P328,3,259.28,15
I00790,O0398,P175,4,299.11,20
I00791,O0399,P499,5,333.45,20
I00792,O0400,P312,3,132.06,15
I00793,O0400,P031,2,109.38,10
I00794,O0401,P442,4,350.46,10
I00795,O0401,P503,2,673.37,15
I00796,O0401,P127,1,165.69,0
I00797,O0402,P297,2,553.13,15
I00798,O0402,P419,3,198.73,20
I00799,O0402,P286,3,175.84,10
I00800,O0403,P402,2,645.46,15
I00801,O0403,P294,4,461.88,15
I00802,O0403,P296,1,76.19,15
I00803,O0404,P177,1,498.25,15
I00804,O0404,P421,2,316.07,5
I00805,O0404,P516,1,166.62,0
I00806,O0405,P256,2,425.88,0
I00807,O0405,P380,1,610.31,15
I00808,O0406,P198,2,492.31,5
I00809,O0406,P180,4,430.07,10
I00810,O0406,P136,3,447.39,20
I00811,O0407,P471,2,253.95,5
I00812,O0407,P182,4,301.05,20
I00813,O0408,P164,2,291.35,0
I00814,O0408,P034,4,161.06,15
I00815,O0409,P428,3,57.47,20
I00816,O0410,P025,4,707.19,10
I00817,O0410,P408,1,258.59,20
I00818,O0410,P451,4,42.84,10
I00819,O0411,P115,2,72.01,5
I00820,O0411,P249,4,132.28,0
I00821,O0411,P470,4,386.53,10
I00822,O0412,P456,3,180.41,20
I00823,O0412,P282,5,541.7,20
I00824,O0413,P027,2,470.19,10
I00825,O0413,P315,2,247.09,15
I00826,O0414,P302,2,527.99,5
I00827,O0414,P300,4,171.1,5
I00828,O0414,P311,2,452.76,20
I00829,O0415,P416,4,165.54,10
I00830,O0415,P160,5,354.25,10
I00831,O0415,P388,4,490.3,15
I00832,O0416,P496,-4,655.25,10
I00833,O0417,P317,2,44.13,0
I00834,O0418,P202,3,400.77,0
I00835,O0418,P234,2,397.34,0
I00836,O0418,P338,5,433.96,20
I00837,O0419,P082,1,576.12,5
I00838,O0419,P263,2,674.73,5
I00839,O0419,P234,4,490.6,10
I00840,O0420,P285,1,32.13,0
I00841,O0420,P136,5,467.02,5
I00842,O0420,P489,4,485.38,0
I00843,O0421,P075,2,587.45,15
I00844,O0421,P203,1,286.65,15
I00845,O0422,P010,5,401.35,15
I00846,O0422,P200,5,306.89,15
I00847,O0423,P258,4,614.21,5
I00848,O0424,P495,5,681.71,10
I00849,O0424,P255,3,520.3,10
I00850,O0425,P451,1,51.63,15
I00851,O0425,P007,3,239.08,15
I00852,O0425,P168,2,331.6,10
I00853,O0426,P454,3,357.03,5
I00854,O0427,P112,2,282.23,10
I00855,O0428,P484,1,514.76,5
I00856,O0428,P159,3,137.72,5
I00857,O0428,P162,5,541.22,20
I00858,O0429,P427,3,305.69,10
I00859,O0429,P380,2,590.72,10
I00860,O0430,P316,4,632.73,0
I00861,O0430,P414,1,250.47,5
I00862,O0431,P281,1,525.21,10
I00863,O0431,P302,-3,497.89,15
I00864,O0432,P205,2,279.85,10
I00865,O0432,P110,1,93.91,15
I00866,O0433,P482,1,630.98,15
I00867,O0433,P256,3,436.76,0
I00868,O0433,P104,1,334.3,10
I00869,O0434,P292,1,92.1,0
I00870,O0434,P333,4,253.25,20
I00871,O0435,P205,5,267.56,20
I00872,O0435,P267,5,310.3,0
I00873,O0436,P070,3,214.51,15
I00874,O0437,P220,2,251.07,10
I00875,O0437,P342,2,228.76,10
I00876,O0437,P024,2,595.36,15
I00877,O0438,P050,5,331.14,10
I00878,O0438,P017,5,108.95,20
I00879,O0439,P504,3,332.74,0
I00880,O0439,P095,5,85.61,20
I00881,O0440,P480,5,295.76,0
I00882,O0441,P442,3,425.89,5
I00883,O0441,P339,1,315.64,15
I00884,O0441,P443,1,357.24,20
I00885,O0442,P020,1,537.19,10
I00886,O0442,P229,5,516.95,15
I00887,O0443,P206,5,130.36,20
I00888,O0443,P157,2,521.07,5
I00889,O0443,P104,1,386.56,0
I00890,O0444,P357,1,607.97,5
I00891,O0445,P214,2,423.02,10
I00892,O0445,P239,2,71.59,15
I00893,O0445,P127,-4,191.51,5
I00894,O0446,P051,4,462.58,15
I00895,O0446,P128,1,172.02,20
I00896,O0447,P125,2,448.01,15
I00897,O0447,P367,3,478.3,0
I00898,O0447,P369,4,584.84,15
I00899,O0448,P008,4,230.92,0
I00900,O0449,P370,3,520.5,10
I00901,O0449,P235,1,283.13,15
I00902,O0450,P282,3,634.26,5
I00903,O0451,P010,2,338.77,15
I00904,O0451,P040,1,388.02,10
I00905,O0451,P381,5,388.54,5
I00906,O0452,P156,2,381.07,5
I00907,O0453,P510,2,174.02,10
I00908,O0454,P329,1,26.28,15
I00909,O0454,P036,2,23.72,15
I00910,O0454,P174,2,214.76,5
I00911,O0455,P430,1,653.19,15
I00912,O0456,P451,2,50.21,0
I00913,O0456,P319,4,558.81,5
I00914,O0456,P331,5,85.63,0
I00915,O0457,P505,5,466.13,5
I00916,O0457,P147,2,153.24,15
I00917,O0458,P108,2,534.21,10
I00918,O0458,P337,4,517.96,20
I00919,O0459,P135,3,255.01,20
I00920,O0459,P036,4,28.1,5
I00921,O0460,P147,1,136.91,15
I00922,O0461,P012,5,64.24,5
I00923,O0461,P416,4,176.76,10
I00924,O0462,P451,1,48.6,20
I00925,O0462,P346,3,364.35,10
I00926,O0462,P500,5,516.69,10
I00927,O0463,P270,1,211.33,0
I00928,O0463,P130,1,66.17,0
I00929,O0463,P124,5,294.22,10
I00930,O0464,P464,4,563.0,20
I00931,O0464,P187,4,228.21,20
I00932,O0465,P146,2,54.94,10
I00933,O0466,P156,5,350.13,20
I00934,O0466,P372,5,364.34,20
I00935,O0466,P171,3,267.93,20
I00936,O0467,P156,5,356.68,5
I00937,O0468,P051,4,539.96,15
I00938,O0468,P488,4,677.21,10
I00939,O0469,P077,3,567.85,5
I00940,O0470,P069,1,330.59,15
I00941,O0470,P165,2,123.66,15
I00942,O0470,P401,5,276.04,0
I00943,O0471,P283,2,373.62,20
I00944,O0472,P156,2,361.52,10
I00945,O0472,P012,1,59.83,20
I00946,O0472,P483,2,607.85,0
I00947,O0473,P466,2,258.69,10
I00948,O0473,P279,1,167.17,0
I00949,O0473,P478,4,520.53,15
I00950,O0474,P231,5,338.46,20
I00951,O0474,P372,2,343.56,15
I00952,O0475,P059,1,14.2,10
I00953,O0475,P258,5,638.05,10
I00954,O0476,P086,1,67.58,5
I00955,O0476,P507,2,146.48,0
I00956,O0477,P500,5,575.86,20
I00957,O0477,P392,1,457.17,0
I00958,O0477,P098,1,133.05,20
I00959,O0478,P432,4,120.18,15
I00960,O0478,P472,5,484.97,15
I00961,O0478,P443,1,347.83,10
I00962,O0479,P300,4,191.38,10
I00963,O0480,P353,3,361.22,15
I00964,O0480,P049,3,607.41,10
I00965,O0481,P215,5,381.85,10
I00966,O0482,P411,3,385.14,15
I00967,O0482,P092,3,554.5,5
I00968,O0482,P325,3,173.89,15
I00969,O0483,P510,2,158.1,15
I00970,O0483,P360,3,380.64,5
I00971,O0484,P331,1,85.04,20
I00972,O0485,P304,5,241.79,0
I00973,O0485,P204,1,308.4,15
I00974,O0485,P270,2,216.41,15
I00975,O0486,P395,1,498.36,10
I00976,O0487,P085,3,373.6,0
I00977,O0487,P252,5,20.92,0
I00978,O0487,P507,2,156.45,5
I00979,O0488,P451,2,44.86,0
I00980,O0489,P495,4,667.91,20
I00981,O0489,P197,4,561.04,15
I00982,O0489,P397,3,47.03,10
I00983,O0490,P380,3,616.99,10
I00984,O0490,P366,1,262.11,5
I00985,O0491,P132,1,247.05,20
I00986,O0491,P488,5,689.5,20
I00987,O0491,P234,3,457.65,20
I00988,O0492,P477,3,256.66,20
I00989,O0493,P510,5,186.35,5
I00990,O0493,P023,5,182.55,10
I00991,O0494,P152,1,554.84,10
I00992,O0494,P259,1,146.03,5
I00993,O0495,P221,4,559.58,10
I00994,O0495,P339,2,336.38,15
I00995,O0496,P323,1,184.61,10
I00996,O0497,P123,1,624.51,5
I00997,O0497,P200,2,317.49,5
I00998,O0497,P186,1,422.11,0
I00999,O0498,P092,1,558.87,15
I01000,O0498,P418,4,483.87,10
I01001,O0499,P099,3,683.18,10
I01002,O0500,P093,2,583.46,10
I01003,O0500,P084,3,395.72,10
I01004,O0501,P063,5,52.31,5
I01005,O0502,P013,1,554.36,20
I01006,O0503,P384,1,405.98,20
I01007,O0503,P511,2,543.67,0
I01008,O0503,P159,5,120.68,15
I01009,O0504,P182,5,352.88,0
I01010,O0504,P040,5,441.83,0
I01011,O0504,P320,3,209.04,20
I01012,O0505,P172,1,386.27,20
I01013,O0505,P346,4,395.82,15
I01014,O0505,P459,1,446.97,5
I01015,O0506,P145,2,507.93,15
I01016,O0506,P043,3,196.51,15
I01017,O0507,P102,5,195.61,20
I01018,O0507,P404,5,62.53,5
I01019,O0507,P459,2,508.64,15
I01020,O0508,P387,1,419.38,10
I01021,O0508,P496,5,595.74,10
I01022,O0509,P057,5,535.06,0
I01023,O0509,P315,5,262.39,5
I01024,O0509,P322,1,133.76,10
I01025,O0510,P193,3,54.56,15
I01026,O0510,P183,5,412.69,5
I01027,O0511,P469,2,221.42,0
I01028,O0512,P209,4,540.91,0
I01029,O0512,P047,4,475.22,10
I01030,O0512,P005,2,408.49,10
I01031,O0513,P400,2,569.81,0
I01032,O0514,P146,5,61.09,15
I01033,O0515,P318,2,304.01,10
I01034,O0515,P420,1,566.55,10
I01035,O0515,P195,4,144.57,15
I01036,O0516,P460,2,44.43,0
I01037,O0517,P163,4,176.25,5
I01038,O0518,P263,4,621.86,20
I01039,O0518,P268,1,54.03,5
I01040,O0518,P089,5,166.69,20
I01041,O0519,P481,4,492.56,15
I01042,O0520,P086,1,64.9,15
I01043,O0521,P147,4,130.55,20
I01044,O0521,P194,2,383.69,0
I01045,O0521,P157,3,526.6,5
I01046,O0522,P474,2,298.66,15
I01047,O0522,P157,3,523.43,5
I01048,O0523,P450,1,85.51,5
I01049,O0523,P295,5,368.28,10
I01050,O0524,P115,1,70.12,20
I01051,O0525,P174,3,204.63,0
I01052,O0525,P240,1,33.1,15
I01053,O0525,P123,2,556.32,20
I01054,O0526,P021,4,637.41,10
I01055,O0527,P397,4,40.01,15
I01056,O0527,P257,3,36.65,15
I01057,O0527,P157,4,540.14,5
I01058,O0528,P179,4,472.42,10
I01059,O0528,P022,4,253.44,15
I01060,O0529,P233,4,673.03,5
I01061,O0529,P416,4,177.05,15
I01062,O0530,P398,4,210.17,15
I01063,O0530,P137,5,282.82,5
I01064,O0531,P200,5,296.85,15
I01065,O0531,P384,3,401.41,0
I01066,O0531,P464,3,564.85,20
I01067,O0532,P053,2,372.48,5
I01068,O0532,P394,5,605.97,0
I01069,O0533,P212,4,44.17,20
I01070,O0533,P160,4,394.2,5
I01071,O0533,P422,3,720.6,5
I01072,O0534,P324,5,305.82,0
I01073,O0534,P100,1,247.54,0
I01074,O0535,P093,3,605.15,5
I01075,O0535,P219,3,641.77,10
I01076,O0536,P458,4,532.48,10
I01077,O0536,P104,5,381.56,5
I01078,O0536,P426,1,349.24,5
I01079,O0537,P481,3,571.18,0
I01080,O0537,P151,4,76.31,15
I01081,O0537,P485,4,407.08,20
I01082,O0538,P372,4,307.98,0
I01083,O0538,P504,5,311.59,0
I01084,O0538,P379,1,551.8,15
I01085,O0539,P114,2,442.09,0
I01086,O0540,P507,1,144.11,5
I01087,O0540,P374,3,113.7,20
I01088,O0541,P502,3,350.46,5
I01089,O0542,P314,3,153.5,0
I01090,O0542,P280,4,168.14,0
I01091,O0542,P134,-5,26.85,10
I01092,O0543,P205,4,254.38,10
I01093,O0543,P385,3,613.96,15
I01094,O0544,P351,2,210.41,20
I01095,O0544,P198,4,425.62,15
I01096,O0545,P087,3,280.41,0
I01097,O0545,P132,1,215.7,0
I01098,O0545,P158,5,460.84,0
I01099,O0546,P014,3,445.34,5
I01100,O0547,P472,3,493.2,0
I01101,O0547,P058,2,163.37,0
I01102,O0547,P191,1,426.9,15
I01103,O0548,P239,2,72.51,10
I01104,O0548,P198,4,490.76,15
I01105,O0548,P191,4,487.9,0
I01106,O0549,P190,-5,351.37,5
I01107,O0549,P270,2,218.44,5
I01108,O0550,P127,1,190.77,5
I01109,O0550,P167,4,653.78,20
I01110,O0550,P423,5,348.84,10
I01111,O0551,P247,-5,67.77,10
I01112,O0551,P289,2,77.32,10
I01113,O0552,P062,5,155.06,15
I01114,O0552,P013,1,614.23,10
I01115,O0552,P068,5,455.18,15
I01116,O0553,P492,3,648.12,10
I01117,O0553,P195,2,145.73,10
I01118,O0554,P477,4,303.72,15
I01119,O0554,P475,4,159.9,15
I01120,O0555,P026,2,567.76,5
I01121,O0555,P410,-3,300.48,5
I01122,O0556,P189,2,184.01,5
I01123,O0557,P346,-2,382.27,10
I01124,O0557,P285,2,31.28,15
I01125,O0558,P446,2,332.55,10
I01126,O0558,P109,1,296.63,20
I01127,O0559,P145,2,508.32,5
I01128,O0559,P427,-4,308.92,5
I01129,O0560,P319,5,469.79,5
I01130,O0560,P289,3,91.49,5
I01131,O0561,P485,-1,373.16,5
I01132,O0561,P215,3,412.32,10
I01133,O0562,P488,3,656.51,10
I01134,O0562,P200,2,318.01,20
I01135,O0562,P235,5,283.31,5
I01136,O0563,P482,1,701.51,15
I01137,O0563,P152,5,618.15,15
I01138,O0564,P273,1,122.86,10
I01139,O0564,P147,3,131.13,5
I01140,O0564,P229,1,576.48,15
I01141,O0565,P150,3,413.78,10
I01142,O0565,P205,2,289.77,0
I01143,O0565,P303,1,374.24,20
I01144,O0566,P255,4,549.65,0
I01145,O0566,P306,3,333.33,0
I01146,O0567,P432,1,142.07,5
I01147,O0567,P458,4,585.87,10
I01148,O0567,P111,3,430.55,20
I01149,O0568,P292,2,81.57,0
I01150,O0568,P127,1,179.12,10
I01151,O0569,P323,4,210.84,10
I01152,O0570,P183,3,418.08,10
I01153,O0570,P332,5,58.82,20
I01154,O0571,P136,4,451.5,5
I01155,O0572,P168,2,326.24,10
I01156,O0573,P084,4,393.35,15
I01157,O0573,P064,5,350.08,5
I01158,O0574,P092,2,502.82,10
I01159,O0574,P233,2,681.33,0
I01160,O0574,P054,2,287.02,5
I01161,O0575,P141,5,100.68,15
I01162,O0576,P297,-4,547.08,15
I01163,O0577,P070,1,198.51,5
I01164,O0577,P504,1,292.98,10
I01165,O0577,P169,4,488.28,20
I01166,O0578,P273,5,112.85,5
I01167,O0578,P263,3,710.58,15
I01168,O0579,P293,-4,231.77,20
I01169,O0580,P210,2,311.12,0
I01170,O0580,P211,2,447.65,10
I01171,O0581,P220,5,258.99,0
I01172,O0581,P236,5,555.23,5
I01173,O0581,P025,-3,722.68,10
I01174,O0582,P512,4,467.36,15
I01175,O0583,P170,4,163.52,5
I01176,O0583,P080,5,135.86,0
I01177,O0583,P052,1,260.7,10
I01178,O0584,P391,5,22.08,10
I01179,O0584,P221,2,564.9,10
I01180,O0585,P287,4,46.0,0
I01181,O0586,P310,2,615.93,5
I01182,O0587,P032,4,171.57,5
I01183,O0588,P280,-3,177.08,0
I01184,O0588,P157,2,579.52,0
I01185,O0589,P510,4,166.01,0
I01186,O0590,P046,1,630.84,10
I01187,O0590,P491,2,450.38,10
I01188,O0590,P193,2,64.77,0
I01189,O0591,P446,5,319.92,5
I01190,O0591,P049,3,559.59,15
I01191,O0591,P484,5,486.67,10
I01192,O0592,P150,3,401.06,5
I01193,O0592,P412,3,163.86,10
I01194,O0592,P152,4,601.58,15
I01195,O0593,P260,2,187.69,15
I01196,O0594,P169,1,529.41,5
I01197,O0594,P350,5,705.43,20
I01198,O0595,P211,4,417.71,0
I01199,O0596,P043,5,157.92,20
I01200,O0596,P169,2,515.35,15
I01201,O0596,P120,3,362.99,20
I01202,O0597,P403,2,361.64,0
I01203,O0597,P232,4,296.97,5
I01204,O0598,P001,5,175.31,0
I01205,O0598,P314,2,148.99,5
I01206,O0598,P099,-2,585.05,0
I01207,O0599,P191,1,464.57,0
I01208,O9990,P433,2,45.0,0
I01209,O9991,P413,1,45.0,0
I01210,O9992,P308,2,45.0,0
I01211,O9993,P398,2,45.0,0
I01212,O9994,P214,2,45.0,0
